-- phpMyAdmin SQL Dump
-- version 4.0.10.14
-- http://www.phpmyadmin.net
--
-- Servidor: localhost:3306
-- Tiempo de generación: 27-01-2017 a las 16:43:09
-- Versión del servidor: 5.6.34
-- Versión de PHP: 5.6.20

SET SQL_MODE = "NO_AUTO_VALUE_ON_ZERO";
SET time_zone = "+00:00";


/*!40101 SET @OLD_CHARACTER_SET_CLIENT=@@CHARACTER_SET_CLIENT */;
/*!40101 SET @OLD_CHARACTER_SET_RESULTS=@@CHARACTER_SET_RESULTS */;
/*!40101 SET @OLD_COLLATION_CONNECTION=@@COLLATION_CONNECTION */;
/*!40101 SET NAMES utf8 */;

--
-- Base de datos: `paramen1_paramento`
--

-- --------------------------------------------------------

--
-- Estructura de tabla para la tabla `t_articulos`
--

CREATE TABLE IF NOT EXISTS `t_articulos` (
  `id` int(11) NOT NULL AUTO_INCREMENT,
  `titulo` varchar(100) NOT NULL,
  `texto` text NOT NULL,
  `fecha` date NOT NULL,
  `idfamilia` int(11) NOT NULL,
  `categoria` text NOT NULL,
  `notas` text NOT NULL,
  `palabras_claves` text NOT NULL,
  `autor` varchar(100) NOT NULL,
  PRIMARY KEY (`id`)
) ENGINE=InnoDB  DEFAULT CHARSET=utf8 AUTO_INCREMENT=4 ;

--
-- Volcado de datos para la tabla `t_articulos`
--

INSERT INTO `t_articulos` (`id`, `titulo`, `texto`, `fecha`, `idfamilia`, `categoria`, `notas`, `palabras_claves`, `autor`) VALUES
(1, 'Propiedades de las Laminas de Policarbonato', 'La primera propiedad que vale destacar en las láminas de policarbonato es la alta resistencia al impacto que posee el material, aun en espesores menores a 1mm es capaz de soportas grandes impactos sin romperse como es el caso del  golpe de un martillo en 1mm, esto hace que pueda ser utilizado en cubiertas en zonas de granizos. En espesores de 10mm es capaz de parar algunos tipos de proyectiles y a medida que aumenta el espesor su resistencia también aumenta de forma directamente proporcional.\r\nComo segunda propiedad interesante de las láminas de policarbonato podemos señalar su propiedad de mantener sus propiedades en un rango de temperatura tan grande como es desde -40°C hasta 100°C. Esto hace que sea utilizado en zonas donde las temperaturas son extremas.\r\nLa tercera propiedad que podemos desatacar de las láminas de policarbonato es su alta transparencia que puede llegar a 89% de LT (Transmisión de Luz), esto permite utilizarse en lucernarios, lucarnas y proyectos donde se necesite colocar iluminación natural.\r\nPor último y no menor las láminas de policarbonato evitan el paso de la Luz UV que tan dañina es para la salud. No obstante es bueno destacar que las láminas de policarbonato deben colocarles en fábrica una adecuada protección UV para impedir que se dañe el material ya que si no este no resistiría la luz UV.\r\n<blockquote>\r\n<p>Cuando instale el policarbonato siempre recuerde retirar el film de protección ya que con el tiempo es imposible quitarlo.</p>\r\n</blockquote>\r\n\r\n', '2016-03-02', 1, 'plasticos', '', '', 'Marlon Falcón'),
(2, 'Acero Corten', 'El Acero Cor-ten "Acero Corten" es un acero con alto contenido de cobre, cromo y níquel , con una terminación de color oxidada que lo protege de la oxidación. En los último años el Acero Cor-ten se ha utilizado en obras de arquitectura de gran importancias gracias a su resistencia a la oxidación  sin necesidad de pinturas  además si se combina con perforaciones  se puede hacer fachadas transparentes. La mejor forma de instalar Acero Cor-ten es utilizando paneles y fijaciones atornilladas para evitar zonas de soldaduras que puedan afectar el material.', '2016-03-02', 1, 'metal', '', '', 'Marlon Falcón'),
(3, 'Guia general del policarbonato', '<strong>¿Qué es el policarbonato? </strong>\r\nEl policarbonato o como se conoce por sus siglas PC es un termoplástico fácil de manipular, termoformar , instalar y trabajar. Es muy utilizado en la arquitectura gracias a la combinación de excelente transparencia  y gran resistencia al impacto. \r\n<strong>¿Cuándo fue descubierto el Policarbonato PC? </strong>\r\nEl policarbonato surge por los década de los 50 con dos investigaciones en paralelo que llevaron el químico estadounidense D.W.Fox y H. Schnell. \r\n<strong>¿Cómo está formado el policarbonato? </strong>\r\nEl policarbonato se basa en polímeros con grupos funcionales unidos por carbonato en una larga cadena molecular. \r\n<strong>¿Qué propiedades tienen el Policarbonato? </strong>\r\n- El policarbonato presenta una excelente resistencia a las altas temperaturas pudiendo llegar a resistir 120°C y 100°C de uso continuo, esta propiedad en plástico es bastante interesante ya que la mayoría de sus competidores solo alcanzan temperaturas de hasta un 60% de ese valor. \r\n- El policarbonato presenta una excelente resistencia al impacto, siendo utilizado en la industria militar, en las láminas para blindajes, equipos de protección entre otras.\r\n- El policarbonato se puedo curvar en frio, esta propiedad permite que pueda ser utilizado en aplicaciones donde se necesite cubiertas curvas manteniendo sus propiedades.\r\n- El policarbonato tiene bajo peso, comparado con el vidrio las láminas de policarbonato tiene la mitad del peso, eso le permite disminuir los costos de estructuras, ya que para soportar las cargas del PC son mucho menores.\r\n- El policarbonato tiene un excelente comportamiento acústico, en espesores por encima de los 15mm puede ser utilizados como barreras acústicas en carreteras, ya que el material tiene muy buena atenuación al ruido.\r\n<strong>¿Qué espesores se comercializan? </strong>\r\nEl policarbonato es fabricado en espesores que van desde 1mm hasta 16mm siendo el espesor 3,4mm los más utilizados.\r\n<strong>¿Qué colores son los más utilizados en el policarbonato? </strong>\r\nEl policarbonato se comercializa principalmente en CLR "Transparente", "ICE" Opal también llamado Blanco y el Bronce.', '2016-09-19', 1, 'plasticos', '', '', 'Marlon Falcón');

-- --------------------------------------------------------

--
-- Estructura de tabla para la tabla `t_comentarios`
--

CREATE TABLE IF NOT EXISTS `t_comentarios` (
  `id` int(11) NOT NULL AUTO_INCREMENT,
  `idarticulo` int(11) NOT NULL,
  `nombre` varchar(150) NOT NULL,
  `fecha` date NOT NULL,
  `mail` varchar(100) NOT NULL,
  `telefono` varchar(100) NOT NULL,
  `desc` text NOT NULL,
  `nota` text NOT NULL,
  PRIMARY KEY (`id`)
) ENGINE=InnoDB  DEFAULT CHARSET=utf8 AUTO_INCREMENT=16 ;

--
-- Volcado de datos para la tabla `t_comentarios`
--

INSERT INTO `t_comentarios` (`id`, `idarticulo`, `nombre`, `fecha`, `mail`, `telefono`, `desc`, `nota`) VALUES
(1, 1, 'marlon', '2016-03-13', 'mfalcon@paramentodesign.com', '942994534', 'Cualquier  duda deja tu comentario', ''),
(8, 3, 'Marlon', '2016-03-14', '121212', '1212', 'Dejar comentario', ''),
(9, 1, 'Yoel', '2016-03-15', 'yoel@yoel.cl', '123', 'Intalan policarbonato?', ''),
(10, 1, 'marlon', '2016-03-15', 'falconsoft.3d@gmail.com', '123', 'Hola Yoel, si instalamos cualquier tipo de lámina de policarbonato.', ''),
(15, 0, 'ElmerFaunk', '2017-01-24', 'elmerknips@mail.ru', '85793169324', 'Some Elementary Advice To Effectively Defeat Panic Attacks \r\n \r\nDid you know that people with higher than normal intelligence are prone to panic attacks? If you experience these attacks, hopefully this knowledge along with the other helpful tips in this article will assist you with finding peace of mind in trying to deal with your situation. \r\n<a href=https://www.acheterviagrafr24.com/>https://www.acheterviagrafr24.com/</a>', '');

-- --------------------------------------------------------

--
-- Estructura de tabla para la tabla `t_tienda`
--

CREATE TABLE IF NOT EXISTS `t_tienda` (
  `id` int(11) NOT NULL AUTO_INCREMENT,
  `nombre` text NOT NULL,
  `precio` varchar(20) NOT NULL,
  `stock` int(11) NOT NULL,
  `tipo` int(11) NOT NULL,
  `cotizado` int(11) NOT NULL,
  `categoria` int(11) NOT NULL,
  `articulo` int(11) NOT NULL,
  `familia` text NOT NULL,
  `codigo` int(11) NOT NULL,
  `um` text NOT NULL,
  `descuento` int(11) NOT NULL,
  PRIMARY KEY (`id`)
) ENGINE=MyISAM  DEFAULT CHARSET=latin1 AUTO_INCREMENT=22 ;

--
-- Volcado de datos para la tabla `t_tienda`
--

INSERT INTO `t_tienda` (`id`, `nombre`, `precio`, `stock`, `tipo`, `cotizado`, `categoria`, `articulo`, `familia`, `codigo`, `um`, `descuento`) VALUES
(1, 'Policarbonato Alveolar 2,1x5,80m-4mm Bronce', '65,000', 12, 1, 1, 1, 1, 'Policarbonato-alveolar', 1, 'C/U', 0),
(3, 'Policarbonato Alveolar 2,1x2,90m-4mm Bronce', '32,000', 12, 1, 1, 1, 1, 'Policarbonato-alveolar', 2, 'C/U', 0),
(14, 'Policarbonato Alveolar 2,1x11,60m-8mm Clear', '210,000', 12, 1, 1, 1, 1, 'Policarbonato-alveolar', 14, 'C/U', 0),
(4, 'Sistema Alveolar ReversPIU 10mm Opal', '24,000', 12, 1, 1, 1, 1, 'Policarbonato-ReversPiu', 3, 'm2', 0),
(5, 'Policarbonato Alveolar 2,1x5,80m-4mm CLR', '65,000', 12, 1, 1, 1, 1, 'Policarbonato-alveolar', 4, 'C/U', 0),
(6, 'Policarbonato Alveolar 2,1x5,80m-8mm Bronce', '105,000', 12, 1, 1, 1, 1, 'Policarbonato-alveolar', 5, 'C/U', 0),
(7, 'Policarbonato Alveolar 2,1x5,80m-8mm Clear', '105,000', 12, 1, 1, 1, 1, 'Policarbonato-alveolar', 6, 'C/U', 5),
(8, 'Policarbonato Alveolar 2,1x5,80m-6mm Opal', '88,000', 12, 1, 1, 1, 1, 'Policarbonato-alveolar', 7, 'C/U', 0),
(9, 'Perfil U de policarbonato  2,10m 4 y 6mm', '1,700', 12, 1, 1, 1, 1, 'Policarbonato-alveolar', 8, 'C/U', 0),
(10, 'Perfil H CLIP 6,8 y 10 de 5,80m', '16,000', 12, 1, 1, 1, 1, 'Policarbonato-alveolar', 9, 'C/U', 0),
(11, 'Policarbonato Alveolar 2,1x5,80m-10mm Clear', '119,000', 12, 1, 1, 1, 1, 'Policarbonato-alveolar', 10, 'C/U', 0),
(12, 'Policarbonato Alveolar 0,5x11,80m Para Divisiones - 40mm ', '248,000', 12, 1, 1, 1, 1, 'Policarbonato-PanelPiu', 11, 'C/U', 0),
(13, 'Policarbonato Alveolar SystemPIU', '31,000', 12, 1, 1, 1, 1, 'Policarbonato-SystemPiu', 12, 'm2', 0),
(15, 'Lámina de PVC EcoRoof 1,0x3,93m', '42,000', 50, 1, 1, 1, 1, 'EcoRoof', 13, 'C/U', 0),
(16, 'Policarbonato Alveolar PolyPlus', '16,000', 12, 1, 1, 1, 1, 'Policarbonato-POLYPLUS', 15, 'm2', 0),
(17, 'Deck de WPC para uso en exterior\r\n', '54,000', 12, 1, 1, 1, 1, 'HDeck', 17, 'm2', 0),
(18, 'Policarbonato Sinus 0,815x2,0m-0,7mm Clear', '11,000', 12, 1, 1, 1, 1, 'Polidesign-Corrugado', 18, 'C/U', 0),
(19, 'Policarbonato Sinus 0,815x3,0m-0,7mm Clear', '16,000', 12, 1, 1, 1, 1, 'Polidesign-Corrugado', 19, 'C/U', 0),
(20, 'Policarbonato GrecaPIU 1,0x11,8m-8mm Opal', '273,000', 12, 1, 1, 1, 1, 'Policarbonato-GrecaPiu', 20, 'C/U', 0),
(21, 'SEPARADOR MOLDAJE RUEDA 15 MM (B. 2.000)', '21000', 12, 1, 1, 1, 1, 'Separadores-de-Moldaje', 21, 'Bolsa', 0);

-- --------------------------------------------------------

--
-- Estructura de tabla para la tabla `t_videos`
--

CREATE TABLE IF NOT EXISTS `t_videos` (
  `id` int(11) NOT NULL AUTO_INCREMENT,
  `titulo` text NOT NULL,
  `texto` text NOT NULL,
  `codigo` varchar(100) NOT NULL,
  PRIMARY KEY (`id`)
) ENGINE=MyISAM  DEFAULT CHARSET=latin1 AUTO_INCREMENT=5 ;

--
-- Volcado de datos para la tabla `t_videos`
--

INSERT INTO `t_videos` (`id`, `titulo`, `texto`, `codigo`) VALUES
(1, '¿Cómo saber la posición de la capa UV en el policarbonato alveolar?', 'Ejemplo de como poder identificar la posición de la capa UV en una lámina de policarbonato alveolar.', 'ZY_i5W3jTnI'),
(2, '¿Cómo instalar el sistema de láminas de policarbonato ReversPIU?', 'El sistema ReversPIU un una buena solución para terrazas.', '9wtYjwJGMF8');

-- --------------------------------------------------------

--
-- Estructura de tabla para la tabla `tfamilia`
--

CREATE TABLE IF NOT EXISTS `tfamilia` (
  `id` int(11) NOT NULL AUTO_INCREMENT,
  `nombre` varchar(100) NOT NULL,
  `desc` text NOT NULL,
  `texto` text NOT NULL,
  `idcomentario` int(11) NOT NULL,
  `galeria` text NOT NULL,
  PRIMARY KEY (`id`)
) ENGINE=InnoDB  DEFAULT CHARSET=utf8 AUTO_INCREMENT=11 ;

--
-- Volcado de datos para la tabla `tfamilia`
--

INSERT INTO `tfamilia` (`id`, `nombre`, `desc`, `texto`, `idcomentario`, `galeria`) VALUES
(1, 'PoolDesign', 'Cubiertas para piscinas', '<strong>PoolDesign</strong> son sistemas de cubiertas para piscinas fabricados en aluminio y policarbonato que permiten ahorro de energía por concepto de calefacción, protegen la piel del los dañinos rayos UV y ayudan a mantener la limpieza.  Cubrir las piscinas trae consigo las siguientes ventajas:\r\n<br>\r\n- <strong>Menos gasto en calefacción</strong>, el policarbonato deja pasar los rayos del sol permitiendo que se produzca un efecto invernadero que hace que la temperatura del agua se mayor.\r\n<br>\r\n\r\n- <strong>Protección UV</strong>, las láminas de policarbonato de Paramento Design poseen protección UV esto evita que los rayos UV pasen y dañen a las personas que las usan\r\n<br>\r\n\r\n - <strong>Menor mantenimiento</strong>, las cubiertas PoolDesign protegen las aguas permitiendo que tengamos menos hojas sobre la piscina y el agua se mantenga más limpia durante más tiempo.\r\n<br>\r\n\r\n- <strong>Mayor seguridad</strong>, las cubiertas PoolDesign pueden cerrar las piscinas y evitar los accidentes.\r\n', 1, 'g1,g2,g3'),
(2, 'PoliDesign', 'Policarbonato Alveolar, Compacto, Corrugado y Sistemas', 'Paramento Design te ofrece la gama más variada de policarbonato en el mercado, desde láminas estándar de policarbonato hasta sistemas que harán que tu proyecto se ejecute con mejor calidad, nos preocupamos por cada detalle, ofrecemos cubicación, asesoría y te ayudamos en todo el proceso de tu compra. Si quiere conocer nuestros precios puedes entrar a nuestra <a href='' http://www.paramentodesign.cl/tienda''>tienda</a>.', 1, 'g1,g2,g3'),
(3, 'AcrilDesign', 'Láminas de acrílico con Diseño para tus proyectos en interior y exterior.', 'Láminas con Diseño', 0, ''),
(4, 'PETGDesign', 'Láminas de PETG', 'Láminas de PETG', 0, ''),
(5, 'PVCDesign', 'Láminas de PVC', 'Láminas de PVC', 0, ''),
(6, 'AceroDesign', 'Láminas de Acero', 'Láminas de Acero', 0, ''),
(7, 'RevestimientoDesign', 'Revestimientos', 'Revestimientos', 0, ''),
(8, 'EcoDesign', 'Madera y plástico', 'compuesto de madera y plástico', 0, ''),
(9, 'Accesorios', 'Accesorios para la construcción', 'Accesorios para la construcción', 0, ''),
(10, 'KitDesign', 'Productos tipos kit', 'Productos tipos kit', 0, '');

-- --------------------------------------------------------

--
-- Estructura de tabla para la tabla `tproductos`
--

CREATE TABLE IF NOT EXISTS `tproductos` (
  `id` int(11) NOT NULL AUTO_INCREMENT,
  `nombre` varchar(100) NOT NULL,
  `desccorta` varchar(200) NOT NULL,
  `reesumen` text NOT NULL,
  `texto` text NOT NULL,
  `imagenprincipal` varchar(400) NOT NULL,
  `galeria` varchar(400) NOT NULL,
  `caracteristicas` text NOT NULL,
  `aplicaciones` text NOT NULL,
  `recomendaciones` text NOT NULL,
  `relacionados` varchar(100) NOT NULL,
  `idfamilia` int(11) NOT NULL,
  `derechos` text NOT NULL,
  `design` text NOT NULL,
  `video` text NOT NULL,
  PRIMARY KEY (`id`)
) ENGINE=InnoDB  DEFAULT CHARSET=utf8 AUTO_INCREMENT=44 ;

--
-- Volcado de datos para la tabla `tproductos`
--

INSERT INTO `tproductos` (`id`, `nombre`, `desccorta`, `reesumen`, `texto`, `imagenprincipal`, `galeria`, `caracteristicas`, `aplicaciones`, `recomendaciones`, `relacionados`, `idfamilia`, `derechos`, `design`, `video`) VALUES
(1, 'Cubierta de piscina Piso Piso Fija', 'Cubierta de policarbonato y aluminio fija', 'Acrilico con Diseño 3', 'Cubierta para piscina fija de aluminio y policarbonato. Permite disminuir los costos de calefacción en la piscina manteniendo una temperatura agradable todo el año. Este modelo no permite movimiento de la cubierta.', '', '', 'Policarbonato con 10 años de garantía, Tratamiento Antifog, Laterales con policarbonato 4mm, Anclajes de acero inoxidables, Protege de los rayos UV.', 'Cubiertas de piscinas, Terrazas, Patios de Comidas, Otros', 'Sistema ideal para climas fríos,  se puede lavar con solo agua, no use productos químicos que dañen la lámina', '', 1, 'Las imágenes mostradas pertenecen a Alouest Argentina.', '', ''),
(2, 'Cubierta de piscina Piso Piso Telescopicas', 'Cubierta de policarbonato y aluminio Telescopicas', 'Acrilico con Diseño 3', 'Cubierta para piscina fija de aluminio y policarbonato. Permite disminuir los costos de calefacción en la piscina manteniendo una temperatura agradable todo el año. Este modelo permite movimiento de la cubierta.', '', '', 'Policarbonato con 10 años de garantía, Tratamiento Antifog, Laterales con policarbonato 4mm, Anclajes de acero inoxidables, Protege de los rayos UV.', 'Cubiertas de piscinas, Terrazas, Patios de Comidas, Otros', 'Sistema ideal para climas fríos,  se puede lavar con solo agua, no use productos químicos que dañen la lámina', '', 1, 'Las imágenes mostradas pertenecen a Alouest Argentina.', '', ''),
(3, 'Cubierta de piscina Muro Piso Parabola Fija', 'Cubierta de policarbonato y aluminio con parabola fija', 'Acrilico con Diseño 3', 'Cubierta para piscina fija de aluminio y policarbonato. Permite disminuir los costos de calefacción en la piscina manteniendo una temperatura agradable todo el año. Este modelo no permite movimiento de la cubierta.', '', '', 'Policarbonato con 10 años de garantía, Tratamiento Antifog, Laterales con policarbonato 4mm, Anclajes de acero inoxidables, Protege de los rayos UV.', 'Cubiertas de piscinas, Terrazas, Patios de Comidas, Otros', 'Sistema ideal para climas fríos,  se puede lavar con solo agua, no use productos químicos que dañen la lámina', '', 1, 'Las imágenes mostradas pertenecen a Alouest Argentina.', '', ''),
(4, 'Cubierta de piscina Muro Piso Parabola Telescopica', 'Cubierta de policarbonato y aluminio con parabola telescopica', 'Acrilico con Diseño 3', 'Cubierta para piscina fija de aluminio y policarbonato. Permite disminuir los costos de calefacción en la piscina manteniendo una temperatura agradable todo el año. Este modelo permite movimiento de la cubierta.', '', '', 'Policarbonato con 10 años de garantía, Tratamiento Antifog, Laterales con policarbonato 4mm, Anclajes de acero inoxidables, Protege de los rayos UV.', 'Cubiertas de piscinas, Terrazas, Patios de Comidas, Otros', 'Sistema Ideal para climas fríos,  se puede lavar con solo agua, no use productos químicos que dañen la lámina', '', 1, 'Las imágenes mostradas pertenecen a Alouest Argentina.', '', ''),
(5, 'Cubierta de piscina Muro Piso Sin Parabola Fija', 'Cubierta de policarbonato y aluminio sin parabola fija', 'Acrilico con Diseño 3', 'Cubierta para piscina fija de aluminio y policarbonato. Permite disminuir los costos de calefacción en la piscina manteniendo una temperatura agradable todo el año. Este modelo no permite movimiento de la cubierta.', '', '', 'Policarbonato con 10 años de garantía, Tratamiento Antifog, Laterales con policarbonato 4mm, Anclajes de acero inoxidables, Protege de los rayos UV.', 'Cubiertas de piscinas, Terrazas, Patios de Comidas, Otros', 'Sistema ideal para climas fríos,  se puede lavar con solo agua, no use productos químicos que dañen la lámina', '', 1, 'Las imágenes mostradas pertenecen a Alouest Argentina.', '', ''),
(6, 'Cubierta de piscina Muro Piso Sin Parabola Telescopica', 'Cubierta de policarbonato y aluminio sin parabola Telescopica', 'Acrilico con Diseño 3', 'Cubierta para piscina telescopica de aluminio y policarbonato. Permite disminuir los costos de calefacción en la piscina manteniendo una temperatura agradable todo el año. Este modelo permite movimiento de la cubierta.', '', '', 'Policarbonato con 10 años de garantía, Tratamiento Antifog, Laterales con policarbonato 4mm, Anclajes de acero inoxidables, Protege de los rayos UV.', 'Cubiertas de piscinas, Terrazas, Patios de Comidas, Otros', 'Sistema ideal para climas fríos,  se puede lavar con solo agua, no use productos químicos que dañen la lámina', '', 1, 'Las imágenes mostradas pertenecen a Alouest Argentina.', '', ''),
(7, 'Cubierta de piscina Muro Muro Fija', 'Cubierta de policarbonato y aluminio fija', 'Acrilico con Diseño 3', 'Cubierta para piscina fija de aluminio y policarbonato. Permite disminuir los costos de calefacción en la piscina manteniendo una temperatura agradable todo el año. Este modelo no permite movimiento de la cubierta.', '', '', 'Policarbonato con 10 años de garantía, Tratamiento Antifog, Laterales con policarbonato 4mm, Anclajes de acero inoxidables, Protege de los rayos UV.', 'Cubiertas de piscinas, Terrazas, Patios de Comidas, Otros', 'Sistema ideal para climas fríos,  se puede lavar con solo agua, no use productos químicos que dañen la lámina', '', 1, 'Las imágenes mostradas pertenecen a Alouest Argentina.', '', ''),
(8, 'Cubierta de piscina Muro Muro Telescopica', 'Cubierta de policarbonato y aluminio telescopica', 'Acrilico con Diseño 3', 'Cubierta para piscina fija de aluminio y policarbonato. Permite disminuir los costos de calefacción en la piscina manteniendo una temperatura agradable todo el año. Este modelo permite movimiento de la cubierta.', '', '', 'Policarbonato con 10 años de garantía, Tratamiento Antifog, Laterales con policarbonato 4mm, Anclajes de acero inoxidables, Protege de los rayos UV.', 'Cubiertas de piscinas, Terrazas, Patios de Comidas, Otros', 'Sistema ideal para climas fríos,  se puede lavar con solo agua, no use productos químicos que dañen la lámina', '', 1, 'Las imágenes mostradas pertenecen a Alouest Argentina.', '', ''),
(9, 'Policarbonato alveolar', 'Láminas de policarbonato alveolar', '', '<strong>Características del producto</strong>\r\nEl policarbonato alveolar es una lámina o placa extruida con espacios de aire en su interior diseñada  de tal forma que tenga un excelente comportamiento estructural  combinado con su bajo peso.  A pesar que las paredes son de muy bajo espesor resiste grandes fuerzas de impacto. El policarbonato alveolar protege de los rayos UV que son tan dañinos para la salud y  son responsable de gran parte de la decoloración que se provoca en los muebles. Por eso cuando quieras hacer tu cobertizo ten en cuenta su correcta instalación. Las láminas permiten el paso de la luz solar generando espacios iluminados naturalmente.  Las láminas son fabricadas en diferentes colores, espesores y medidas.\r\n<br>\r\n<strong>Ventajas de las láminas alveolares</strong>\r\nLas láminas de policarbonato alveolar son productos muy versátiles que pueden ser utilizado en cientos de aplicaciones, pero hay tres ventajas que hacen que este producto este ganando cada día más ventajas en comparación con sus competencias y estas son:\r\n<i class="icon-ok"></i>Alta resistencia al impacto.\r\n<i class="icon-ok"></i>Alta transmisión de Luz, alrededor de un 89%.\r\n<i class="icon-ok"></i>Resistencia al fuego, entre los plásticos el Policarbonato es uno de los que mejor comportamiento posee. Además a pedido se pueden hacer unas resinas mucho más resistentes que llegan a tener clasificación V0\r\n<br>\r\n<strong>Combinación con otros productos</strong>\r\nEn la arquitectura el policarbonato alveolar se puede combinar con otros productos como  bambú, polistireno, telas, hilos, pintura creando productos únicos en su diseño, Paramento Design posee un panel de 40mm que es ideal para este tipo de aplicación. Hay que tener en cuenta que si te utiliza las láminas colocándola verticalmente esta solo tiene protección UV en una cara.\r\n<br>\r\n<strong>Dimensiones del policarbonato alveolar</strong>\r\n<strong>Los espesores estándar son:</strong>  4,6,8,10mm\r\n<strong>Los anchos estándar son:</strong>  2100, 1050mm\r\n<strong>Los largos estándar son:</strong>  11800, 5800, 3930mm\r\n<br>\r\n<strong>El policarbonato alveolar debe ser instalado respetando los siguientes puntos</strong>\r\n<i class="icon-ok"></i>La pendiente debe ser mayor que un 10% \r\n<i class="icon-ok"></i>La capa resistente al UV debe colocarse hacia la parte que quedará expuesta al sol, esta capa es la que tiene el film impreso con la publicidad. \r\n<i class="icon-ok"></i>Cuando se curve la lámina en techo debe respetarse que el radio mínimo no debe ser inferior a 175 veces el espesor, ejemplo en 4mm no puede ser inferior a 700mm. \r\n<i class="icon-ok"></i>Cuando instale la lámina la pendiente no debe ser menor de un 10% en los sistemas estándar, para menor pendiente consulte otros productos como los sistemas ReversPIU o SystemPIU. \r\n<i class="icon-ok"></i>Limpie la lámina solamente utilizando agua y jabón neutro diluido. \r\n<i class="icon-ok"></i> En terrazas se recomienda los colores Opal "Blanco" ya que si coloca transparente puede ser que en verano el exceso de calor provoque efecto invernadero y tendrá que proteger su cubierta con madera. \r\n<i class="icon-ok"></i>Cuando termine de instalar la cubierta retire el film, si no lo hace el sol unirá los dos materiales y será imposible retirarlo.\r\n\r\n<br>\r\n<strong>¿Cómo se fabrica el  policarbonato alveolar?</strong>\r\nEl policarbonato alveolar se fabrica mediante un proceso llamado extrusión, se la aplica calor a la materia prima que está en forma de pellets,  se mezcla con el pigmento buscando una correcta transmisión de luz, pasa por un tornillo que lo empuja para darle forma con la matriz, se le coloca una capa superior UV para que el material resista la intemperie. Después se le coloca films de protección en ambas caras, teniendo en cuenta que la zona superior debe estar identificada  con un film con impresión o alguna etiqueta que nos permita visualizar el producto.', '', '', 'Ahorro de energía, Claridad óptica, Aislamiento térmico, Bajo peso y facilidad de manejo, Excelente comportamiento ignífugo, Amplia gama de estructuras, Elevada transmisión de luz natural, Excelente durabilidad estructural, Resistencia a daños e impactos, Resistencia a la intemperie y a los rayos UV,10 años de garantía', 'Cobertizos de madera, Acristalados,Marquesinas,Acristalamientos verticales,Expositores,Pasajes cubiertos,Cubiertas curvas,Cubiertas industriales,Rótulos,Invernaderos,Cubiertas de piscinas', 'Sistema ideal para climas fríos,  se puede lavar con solo agua, no use productos químicos que dañen la lámina', '', 2, '', '', 'ZY_i5W3jTnI'),
(10, 'Policarbonato OndaPiu', 'Láminas de alveolares corrugadas', 'Acrilico con Diseño 3', 'OndaPIÙ es una placa con estructura en triple pared de excelente calidad y muy funcional, realizada con un paso de onda 177/51 uniforme e invariable.\r\nOndaPIÙ es la única placa extruida con siete ondas completas para poder garantizar una mejor estanqueidad en las uniones laterales y transversales de lucernarios, cubiertas planas continuas, así como un perfecto solape lateral con placas onduladas de fibrocemento.\r\n', '', '', 'Ahorro de energía, Claridad óptica, Aislamiento térmico, Bajo peso y facilidad de manejo, Excelente comportamiento ignífugo, Amplia gama de estructuras, Elevada transmisión de luz natural, Excelente durabilidad estructural, Resistencia a daños e impactos, Resistencia a la intemperie y a los rayos UV,10 años de garantía', 'Realizar lucernarios,Cubiertas\r\ncurvas continuas a radio de 3500 mm.', 'Sistema ideal para climas fríos,  se puede lavar con solo agua, no use productos químicos que dañen la lámina', '', 2, '', '', ''),
(11, 'Policarbonato SystemPiu', 'Láminas de alveolares', 'Acrilico con Diseño 3', 'SystemPIÚ PLANO es un sistema versátil para aplicaciones en fachadas verticales y cubiertas planas, incluso de gran tamaño. El sistema se compone de láminas en policarbonato alveolar con una particular y robusta estructura en X para una mejor resistencia de carga y un mayor aislamiento  térmico. La extrusión en “U” de la placa asegura un perfecto enganche en el perfil de unión en acero plastificado con junta abierta para crear un extraordinario sistema autoportante con una superficie absolutamente plana.', '', '', 'Ahorro de energía, Claridad óptica, Aislamiento térmico, Bajo peso y facilidad de manejo, Excelente comportamiento ignífugo, Amplia gama de estructuras, Elevada transmisión de luz natural, Excelente durabilidad estructural, Resistencia a daños e impactos, Resistencia a la intemperie y a los rayos UV,10 años de garantía', 'Cubiertas,Fachadas', 'Sistema Ideal para climas fríos,  se puede lavar con solo agua, no use productos químicos que dañen la lámina', '', 2, '', '', ''),
(12, 'Policarbonato SystemPiu Curvo', 'Láminas de alveolares', 'Acrilico con Diseño 3', 'SystemPIÙ CURVO es un sistema versátil para aplicaciones en bóvedas y cubiertas curvas, incluso de gran tamaño, con un radio mínimo de 2000 mm.\r\nEl sistema se compone de láminas  de policarbonato alveolar con una particular y robusta estructura en X para una mejor resistencia de carga y un mayor aislamiento térmico. La extrusión en “U” de la placa asegura un perfecto enganche en montantes de unión en acero plastificado con junta abierta para crear un extraordinario sistema autoportante con una superficie absolutamente plana.\r\n', '', '', 'Ahorro de energía, Claridad óptica, Aislamiento térmico, Bajo peso y facilidad de manejo, Excelente comportamiento ignífugo, Amplia gama de estructuras, Elevada transmisión de luz natural, Excelente durabilidad estructural, Resistencia a daños e impactos, Resistencia a la intemperie y a los rayos UV,10 años de garantía', 'Cubiertas', 'Sistema Ideal para climas fríos,  se puede lavar con solo agua, no use productos químicos que dañen la lámina', '', 2, '', '', ''),
(13, 'Policarbonato ReversPiu', 'Sistema de cubierta de policarbonato alveaolar', 'Acrilico con Diseño 3', 'ReversPIÚ es la evolución natural de los sistemas de clipado debido a toda una serie de ventajas que proporciona el particular montante a encaje. Su instalación en el exterior  proporciona una excelente estanqueidad al agua, una perfecta planimetría del lado inferior, así como un aumento considerable de la resistencia de la lámina. La forma desarrollada para el sistema de unión evita ruidos de dilatación del material. Es posible también la instalación de la placa con montante de aluminio inferior para obtener la adecuada resistencia a la carga de nieve. ReversPIÚ es un producto con protección a los rayos U.V. ambos lados de la lámina y en espesores de 10 mm a 40 mm (único en su género).', '', '', 'Ahorro de energía, Claridad óptica, Aislamiento térmico, Bajo peso y facilidad de manejo, Excelente comportamiento ignífugo, Amplia gama de estructuras, Elevada transmisión de luz natural, Excelente durabilidad estructural, Resistencia a daños e impactos, Resistencia a la intemperie y a los rayos UV,10 años de garantía', 'Cubiertas', 'Sistema Ideal para climas fríos,  se puede lavar con solo agua, no use productos químicos que dañen la lámina', '', 2, '', '', '9wtYjwJGMF8'),
(14, 'Policarbonato PanelPiu', 'Láminas de alveolares', 'Acrilico con Diseño 3', 'PanelPIÚ 500. Es un sistema modular con acoplamiento por encaje, fabricado en varios espesores (16/20/40 mm.), ideal para realizar cerramientos verticales y ventanales de tipo industrial, con mejor relación calidad / precio que otros sistemas más complejos. PanelPIÚ proporciona una elevada transmisión de la luz, es un buen aislante térmico y agradable estéticamente, ya que no requiere los poco vistosos perfiles de unión. El sistema es completado por juntas y perfiles perimetrales.', '', '', 'Ahorro de energía, Claridad óptica, Aislamiento térmico, Bajo peso y facilidad de manejo, Excelente comportamiento ignífugo, Amplia gama de estructuras, Elevada transmisión de luz natural, Excelente durabilidad estructural, Resistencia a daños e impactos, Resistencia a la intemperie y a los rayos UV,10 años de garantía', 'Cubiertas', 'Sistema Ideal para climas fríos,  se puede lavar con solo agua, no use productos químicos que dañen la lámina', '', 2, '', '', ''),
(15, 'Policarbonato PanelPiu FTP', 'Láminas de alveolares para falsotecho', 'Acrilico con Diseño 3', 'PanelPIÚ 500/16 - 20 - 25 y 600/10. Sistemas modulares con acoplamiento por encaje, especialmente diseñados para la realización de cubiertas de material ligero aisladas térmicamente, como las de los falsos techos industriales, en concordancia con las normas sobre aislamiento térmico (recogidas en el D. Legislativo italiano 311/06). PanelPIÙ posee un buen aislamiento térmico, una elevada transmisión de la luz y es una solución de fácil aplicación y muy agradable estéticamente, gracias a la eliminación de los perfiles de unión poco elegantes, especialmente en cubiertas realizadas con OndaPIÚ y GrecaPIÚ.', '', '', 'Ahorro de energía, Claridad óptica, Aislamiento térmico, Bajo peso y facilidad de manejo, Excelente comportamiento ignífugo, Amplia gama de estructuras, Elevada transmisión de luz natural, Excelente durabilidad estructural, Resistencia a daños e impactos, Resistencia a la intemperie y a los rayos UV,10 años de garantía', 'Falso Techo', 'Sistema Ideal para climas fríos,  se puede lavar con solo agua, no use productos químicos que dañen la lámina', '', 2, '', '', ''),
(16, 'Policarbonato GrecaPiu', 'Lamina greca alveolar', 'Acrilico con Diseño 3', 'GrecaPIÚ. Lámina grecada (con ancho útil 1000 mm) realizada en distintas tipologías de altura de greca y espesor (40/8 y 40/10 mm. a 5 grecas y 40/12 - 44/16 - 80/12 - 86/16 mm. a 6 grecas) extruida con estructura celular de triple pared o de nido de abeja, con la particularidad del redondeo de la grecas centrales en el tipo 6 grecas para un mejor flujo del agua. Las grecas laterales tienen una estructura celular para reducir el problema de condensación y todas se adaptan lateralmente a casi cualquier panel o chapa metálica de cubierta usados en la actualidad. GrecaPIÚ permite la realización de lucernarios en aplicación simple o de cubiertas planas continuas en aplicación múltiple, gracias a la posibilidad de solape longitudinal y lateral. GrecaPIÚ es una solución ideal también para lucernarios cubiertas curvas con radio de 3500 mm. ó 6000mm, de GrecaPIÚ. Placa grecada (con ancho útil 1000 mm) realizada en distintas tipologías de altura de greca y espesor (40/8 y 40/10 mm. a 5 grecas y 40/12 - 44/16 - 80/12 - 86/16 mm. a 6 grecas) extruida con estructura celular de triple pared o de nido de abeja, con la particularidad del redondeo de la grecas centrales en el tipo 6 grecas para un mejor flujo del agua. Las grecas laterales tienen una estructura celular para reducir el problema de condensación y todas se adaptan lateralmente a casi cualquier panel o chapa metálica de cubierta usados en la actualidad. GrecaPIÙ permite la realización de lucernarios en aplicación simple o de cubiertas planas continuas en aplicación múltiple, gracias a la posibilidad de solape longitudinal y lateral. GrecaPIÙ es una solución ideal también para lucernarios y cubiertas curvas con radio de 3500 mm. ó 6000mm, de gran calidad y de fácil y económica instalación.', '', '', 'Ahorro de energía, Claridad óptica, Aislamiento térmico, Bajo peso y facilidad de manejo, Excelente comportamiento ignífugo, Amplia gama de estructuras, Elevada transmisión de luz natural, Excelente durabilidad estructural, Resistencia a daños e impactos, Resistencia a la intemperie y a los rayos UV,10 años de garantía', 'Lucernarios,Cubiertas', 'Sistema Ideal para climas fríos,  se puede lavar con solo agua, no use productos químicos que dañen la lámina', '', 2, '', '', ''),
(17, 'AcrilDesignFlo', 'Láminas de Acrílico con Diseño utilizando materiales orgánicos', 'Las láminas <strong>AcrilDesign Flo</strong> están fabricadas de acrílico con diseño utilizando materiales orgánicos, se pueden utilizar tanto en interior como exterior, los diseños pueden ser a  medidas. Permite ambientar interiores con solo colocar una lámina, posee diferentes acabados y las dos caras pueden tener diferentes terminaciones ya sea opaco o con brillo.', 'Las láminas <strong>AcrilDesign Flo</strong> están fabricadas de acrílico con diseño utilizando materiales orgánicos, se pueden utilizar tanto en interior como exterior, los diseños pueden ser a  medidas. Permite ambientar interiores con solo colocar una lámina, posee diferentes acabados y las dos caras pueden tener diferentes terminaciones ya sea opaco o con brillo.', '', '', 'Fácil de instalar, variedad de diseño, se puede usar en exterior', ' Terrazas, Patios de Comidas, Diseño Interior, Fachadas, Otros', 'Sistema para decoración, Se puede limpiar', '', 3, '', '1,2,3,4,5,6,7,8,9,10,11,12,13,14,15,16,17,18,19,20,21,22,23,24', ''),
(19, 'PETGDESIGN', 'Láminas dePETG', 'Láminas dePETG', 'PETGDESIGN es una lámina plana de poliéster termoplástica transparente, que ofrece una excelente relación resistencia-peso, excelente claridad óptica, buena resistencia química, superior durabilidad y es 100 % reciclable. \r\n\r\nSu principal ventaja es la facilidad de termoformado, en particular a temperaturas bajas, que ofrece en aplicaciones de impresión y cartelería. \r\n\r\nPETGDESIGN es el producto ideal para una amplia gama de aplicaciones de señalización y cartelería, incluidos equipos de puntos de ventas, señalización, letreros publicitarios luminosos, pantallas y artes gráficas. Es adecuado para aplicaciones de acristalamiento de protección, incluidos máquinas expendedoras, cristales de seguridad de interiores y mamparas divisorias de oficina. ', '', '', 'Alta resistencia al impacto,Excelentes propiedades de termoformado,Tiempo menor de termoformado,No se hace falta presecar en el termoformado,Claridad óptica,Resistencia química,Transmisión de luz,Durabilidad,Fácil de mecanizar y fabricar,Reciclable', 'Pantallas, Señalización, Letreros publicitarios luminosos, Equipos de puntos de ventas, Artes gráficas, Cubiertas de posters, Kioscos, Cajas iluminadas, Máquinas expendedoras, Pantallas protectoras, Bandejas industriales, Partes termomoldeadas', 'Se recomienda su uso en interior', '', 4, '', '', ''),
(20, 'Altuglas ShieldUp', 'Láminas de Acrílico de alto impacto', 'Altuglas ShieldUp  es una lámina plana de acrílico  termoplástica transparente, que ofrece una excelente  combinación de ligereza, resistencia y transparencia.\r\nAltuglas ShieldUp  es un material que puede sustituir el vidrio, es un 50% más ligero que el vidrio y más transparente, responde, por ejemplo, al desafío de la industria del transporte donde la búsqueda de materiales más ligeros y resistentes es constante. Reducir el peso de un vehículo en 100 kg significa disminuir el consumo de combustible y las emisiones de CO2.\r\n', 'Altuglas ShieldUp  es una lámina plana de acrílico  termoplástica transparente, que ofrece una excelente  combinación de ligereza, resistencia y transparencia.\r\nAltuglas ShieldUp  es un material que puede sustituir el vidrio, es un 50% más ligero que el vidrio y más transparente, responde, por ejemplo, al desafío de la industria del transporte donde la búsqueda de materiales más ligeros y resistentes es constante. Reducir el peso de un vehículo en 100 kg significa disminuir el consumo de combustible y las emisiones de CO2.', '', '', 'Acrílico con 10 años de garantía, Fácil de instalar, Alta resistencia al impacto, Se puede usar en exterior, Alta resistencia química', ' Terrazas, Patios de Comidas, Diseño Interior, Transporte, Barreras acústicas, Otros', 'Sistema de alto impacto, se puede limpiar', '', 3, '', '', ''),
(21, 'Laminas de Acrilico', 'Láminas de PMMA (polimetilmetacrilato)', '\r\n', '<strong>Características del producto</strong>\r\nAcrilDesign es una lámina de acrílico extruido conocido normalmente con la siglas PMMA que representan el nombre polimetilmetacrilato, las láminas de acrilico tienen una transmisión de luz muy alta 90% mejorando al vidrio con casi la mitad de su peso. \r\nNuestra lámina ha sido fabricada bajo unos estrictos controles de calidad para asegurar un producto de primera calidad muy constante. Su versatilidad, facilidad de montaje y resistencia a los rayones, hace que sea la mejor elección para el uso en diseño interior, aplicaciones de escaparates y puntos de venta, industrias de la construcción y montajes.\r\n<br>\r\nAcrilDesign es el producto ideal para una amplia gama de aplicaciones de señalización y cartelería, incluidos equipos de puntos de ventas, barreras acústicas, letreros publicitarios luminosos, pantallas y artes gráficas.\r\n<br>\r\n<strong>Ventajas de las láminas de acrílico </strong>\r\nEntre las principales ventajas podemos destacar:\r\n<i class="icon-ok"></i> Alta transmisión de luz 92%\r\n<i class="icon-ok"></i> Fácil de termoformar\r\n<i class="icon-ok"></i> Se puede pulir.\r\n', '', '', 'Hasta un 92% de transmisión de la luz (3 mm transparente),Buena difusión de la luz (color opalino), Excelente capacidad de termoformado, Fácil de montar, Buena resistencia a los rayones ( al pulir se eliminan los rayones fácilmente ), Estabilidad ante los Rayos UV, Resistencia a la intemperie, Ahorro de peso respecto al cristal, Inerte a muchos materiales corrosivos,Buen aislamiento térmico, Acabado muy brillante, Puede curvarse en frío hasta un cierto radio mínimo, Alta resistencia a las roturas, Garantía limitada de 10 años.', 'Barreras Acústicas, Señalización\r\nLetreros publicitarios luminosos, Equipos de puntos de ventas, Artes gráficas, Cubiertas de posters, Kioscos, Cajas iluminadas, Muebles, Decoración, Montaje, Paneles de Menú, Montajes de luces ', 'Se puede limpiar, Se puede pulir', '', 3, '', '', ''),
(22, 'Policarbonato compacto', 'Polidesign Sólido', 'POLIDESIGN-SÓLIDO Es una lámina de policarbonato plana extruida transparente que proporciona una resistencia al impacto 200 veces mayor que el vidrio, con tan solo la mitad de peso, lo que suministra protección contra roturas, soporta con facilidad un golpe de martillo, de ahí que sea sumamente apropiada para utilizar en aplicaciones de acristalamiento de seguridad, en zonas proclives al vandalismo o en aplicaciones que requieren resistencia y protecciónes mejoradas. \r\n\r\nPOLIDESIGN-SÓLIDO protege contra radiaciones UV dañinas ya que ofrece una capa protectora  coextruida en ambos lados de la lámina. Como resultado puede utilizarse en las condiciones climatológicas más duras con protección mejorada contra los efectos de la intemperie y radiación UV, aumentando las expectativas de vida y la duración.', '<strong>POLIDESIGN-SÓLIDO</strong> Es una lámina de policarbonato plana extruida transparente que proporciona una resistencia al impacto 200 veces mayor que el vidrio, con tan solo la mitad de peso, lo que suministra protección contra roturas, soporta con facilidad un golpe de martillo, de ahí que sea sumamente apropiada para utilizar en aplicaciones de acristalamiento de seguridad, en zonas proclives al vandalismo o en aplicaciones que requieren resistencia y protecciónes mejoradas. \r\n\r\n<strong>POLIDESIGN-SÓLIDO</strong> protege contra radiaciones UV dañinas ya que ofrece una capa protectora  coextruida en ambos lados de la lámina. Como resultado puede utilizarse en las condiciones climatológicas más duras con protección mejorada contra los efectos de la intemperie y radiación UV, aumentando las expectativas de vida y la duración.\r\n\r\n<strong>RADIO MÍNIMO</strong> Las láminas de policarbonato compacto se pueden curvar en frio siempre que el radio sea mayor al radio mínimo que es 175 veces el espesor.\r\n<img src="http://www.paramentodesign.cl/assets/img/producto/22/radio-minimo.jpg" class="img-responsive"></img>\r\n\r\n\r\n', '', '', 'Liviano, Fácil de instalar, Alta resistencia al impacto, Protección UV, 10 años de garantía', 'Viseras de protección, Acristalamiento de seguridad, Ventanas de prisión, Protecciones de máquinas, \r\nMáquinas expendedoras, \r\nEscudos para la policía, Barreras, Acústicas, Ventanas, Barandillas, \r\nParadas de autobús, Salas limpias, Fachadas', 'Se puede limpiar.', '', 2, '', '', ''),
(23, 'Polidesign Corrugado', 'Policarbonato Corrugado', 'POLIDESIGN-CORRUGADO es una gama de láminas de acristalamiento corrugadas de alto rendimiento. Las láminas son ligeras de peso pero robustas y resistentes a los impactos. La extensa gama de perfiles y grosores, así como las láminas en relieve más pesadas y las láminas de  múltiples paredes corrugadas proporcionan la solución acristalada ideal para una amplia gama de aplicaciones.\r\n\r\nPOLIDESIGN-CORRUGADO protege contra radiaciones UV dañinas ya que ofrece una capa protectora  coextruida. Como resultado puede utilizarse en las condiciones climatológicas más duras con protección mejorada contra los efectos de la intemperie y radiación UV, aumentando las expectativas de vida y la duración.', 'POLIDESIGN-CORRUGADO es una gama de láminas de acristalamiento corrugadas de alto rendimiento. Las láminas son ligeras de peso pero robustas y resistentes a los impactos. La extensa gama de perfiles y grosores, así como las láminas en relieve más pesadas y las láminas de  múltiples paredes corrugadas proporcionan la solución acristalada ideal para una amplia gama de aplicaciones.\r\n\r\nPOLIDESIGN-CORRUGADO protege contra radiaciones UV dañinas ya que ofrece una capa protectora  coextruida. Como resultado puede utilizarse en las condiciones climatológicas más duras con protección mejorada contra los efectos de la intemperie y radiación UV, aumentando las expectativas de vida y la duración.', '', '', 'Liviano, Fácil de instalar, Alta resistencia al impacto, Protección UV, 10 años de garantía', 'Cubiertas, Pergolas, estacionamiento, entrada de luz.', 'Se puede limpiar.', '', 2, '', '', ''),
(24, 'EcoRoof', 'EcoRoof', 'ECOROOF Teja de uniformidad en su geometría y de largo de 11.80m, presenta una buena resistencia a gran variedad de productos químicos, condiciones climáticas extremas y gran esfuerzo físico, permaneciendo siempre libres de corrosión y con una vida útil de más de 20 años. Gracias a su estructura en uPVC y alma en PVC espumado tiene alta resistencia al impacto y una\r\nbuena disminución de la trasmisión de calor y ruido. ', 'ECOROOF Teja de uniformidad en su geometría y de largo de 11.80m, presenta una buena resistencia a gran variedad de productos químicos, condiciones climáticas extremas y gran esfuerzo físico, permaneciendo siempre libres de corrosión y con una vida útil de más de 20 años. Gracias a su estructura en uPVC y alma en PVC espumado tiene alta resistencia al impacto y una\r\nbuena disminución de la trasmisión de calor y ruido. ', '', '', 'Liviano, Fácil de instalar, Alta resistencia al impacto, aislación térmica, aislación acústica, Protección UV, 10 años de garantía', 'Cubiertas, Pergolas, estacionamiento', 'Se puede limpiar.', '', 5, '', '', ''),
(25, 'AceroDesign', 'AceroDesign', 'ACERODESIGN - Acero con diferentes diseños que te permiten hacer proyectos de fachadas con acabados muy interesantes, entre los tipos de acero que trabajamos esta el ACERO CORTEN.', 'ACERODESIGN - Acero con diferentes diseños que te permiten hacer proyectos de fachadas con acabados muy interesantes, entre los tipos de acero que trabajamos esta el ACERO CORTEN.', '', '', 'Fácil de instalar, variedad de texturas, diferentes sistemas de instalación ', 'Fachadas, Falsotecho', 'Evite uniones soldadas', '', 6, '', '', ''),
(27, 'EcoWood', 'Perfiles de WPC para estructuras', 'Los perfiles <strong>Ecowood</strong> están fabricado con <strong>WPC "Wood Plastic Composite"</strong> que no es más que un una mezcla de madera proveniente de el reciclaje de las empresas de madera y materiales termoplásticos como el Polipropileno y Polietileno. Los perfiles <strong>EcoWood</strong> tienen alta resistencia a condiciones climáticas, bajo mantenimiento y excelentes propiedades físicas para uso de intemperie, ideal para fachadas, pérgolas, barandas, estructuras livianas, muebles exteriores, quiebrasoles entre otros.\r\nLos perfiles <strong>Ecowood</strong> mantienen un alto nivel de apariencia comparado con la madera natural, siendo esta la característica principal del producto; no obstante para mejorar la resistencia, se recomienda utilizar perfiles metálicos que complementen la resistencia estructural y mejoren la fijación mecánica de todos los elementos.\r\nPara la optima instalación es necesario utilizar tornillos para madera o WPC de acero inoxidable o de revestimiento de alta calidad sin exceder la fuerza de apriete, si se va a utilizar perfiles metálicos o plásticos se debe utilizar fijaciones de acuerdo a cada tipo de material. Tenga en cuenta que de la optima elección del tornillo, depende el excito de la fijación de los perfiles de Ecowood.\r\nSi en la instalación de los perfiles <strong>Ecowood</strong> requiere realizar cortes sobre alguna de las caras del mismo perfil en ningún caso se debe sobrepasar el 30% del área total del material , al exceder este porcentaje se afecta directamente la resistencia del perfil dando paso a al fracturas, grietas y fragilidad del perfil.\r\nLos perfiles <strong>Ecowood</strong> no están diseñados para ser utilizados estructuralmente como columnas, postes, barandas, vigas, travesaños ni otros elementos de carga principales  por si solos, son decorativos. Para esta aplicación deben ser reforzados con perfiles metálicos para que cumpla la normativa.\r\nNota: Pregunte por accesorios de instalación como tapas, soportes para la instalación de barandas.', 'Los perfiles <strong>Ecowood</strong> estan fabricados con <strong>WPC "Wood Plastic Composite"</strong> que no es más que una mezcla de madera proveniente de el reciclaje de las empresas de madera y materiales termoplásticos como el Polipropileno y Polietileno. Los perfiles <strong>EcoWood</strong> tienen alta resistencia a condiciones climáticas, bajo mantenimiento y excelentes propiedades físicas para uso de intemperie, ideal para fachadas, pérgolas, barandas, estructuras livianas, muebles exteriores, quiebrasoles entre otros.\r\nLos perfiles <strong>Ecowood</strong> mantienen un alto nivel de apariencia comparado con la madera natural, siendo esta la característica principal del producto; no obstante para mejorar la resistencia, se recomienda utilizar perfiles metálicos que complementen la resistencia estructural y mejoren la fijación mecánica de todos los elementos.\r\nPara la optima instalación es necesario utilizar tornillos para madera o WPC de acero inoxidable o de revestimiento de alta calidad sin exceder la fuerza de apriete, si se va a utilizar perfiles metálicos o plásticos se debe utilizar fijaciones de acuerdo a cada tipo de material. Tenga en cuenta que de la optima elección del tornillo, depende el éxcito de la fijación de los perfiles de Ecowood.\r\nSi en la instalación de los perfiles <strong>Ecowood</strong> requiere realizar cortes sobre alguna de las caras del mismo perfil en ningún caso se debe sobrepasar el 30% del área total del material, al exceder este porcentaje se afecta directamente la resistencia del perfil dando paso a fracturas, grietas y fragilidad del perfil.\r\nLos perfiles <strong>Ecowood</strong> no están diseñados para ser utilizados estructuralmente como columnas, postes, barandas, vigas, travesaños ni otros elementos de carga principales  por si solos, son decorativos. Para esta aplicación deben ser reforzados con perfiles metálicos para que cumpla la normativa.\r\nNota: Pregunte por accesorios de instalación como tapas, soportes para la instalación de barandas.', '', '', 'Terminación muy parecida a la madera, Fácil de instalar, Color resistente al UV, Menor mantenimiento, A prueba de agua, Resistente a la humedad, Resistente a las termitas, Respetuoso del medio ambiente no contiene sustancias tóxicas, Puede ser cepillado, Cortado con Sierra, Buena absorción acústica ', 'Terrazas, Fachadas, Pergolas', 'No golpee el material durante el cargue y descargue,Almacene bajo techo,En el exterior cubra con material no traslucido. ', '', 8, '', '', ''),
(28, 'HDeck', 'Deck de WPC ', 'HDeck - Es un tipo de deck de un material compuesto de fibras de madera y resina de plástico llamado WPC (wood plastic composite). Las fibras de madera están encapsuladas en el polímero (PE) que hace que se endurezca y reduce significativamente la expansión térmica. Gracias a esta combinación HDeck toma las mejores característica de cada material. A los efectos visuales parece madera pero con mucho mejor comportamiento y resistencia.   ', 'HDeck - Es un tipo de deck de un material compuesto de fibras de madera y resina de plástico llamado WPC (wood plastic composite).Las fibras de madera están encapsuladas en el polímero (PE) que hace que se endurezca y reduce significativamente la expansión térmica. Gracias a esta combinación HDeck toma las mejores característica de cada material. A los efectos visuales parece madera pero con mucho mejor comportamiento y resistencia.   ', '', '', 'Terminación muy parecida a la madera, Fácil de instalar, Color resistente al UV, Menor mantenimiento, A prueba de agua, Resistente a la humedad, Resistente a las termitas, Respetuoso del medio ambiente no contiene sustancias tóxicas, Puede ser cepillado, Cortado con Sierra, Buena absorción acústica ', 'Piso de terrazas, Patios, Zonas de mucha humedad', 'No pintar, Pendiente mínima 2%', '', 8, '', '', '1N9Bc3EEcpo'),
(29, 'Polidesign Solido Hard', 'Láminas de policarbonato anti-rayas', '<strong>POLIDESIGN-SÓLIDO HARD</strong> Es una lámina de policarbonato plana con tratamiento anti-rayas abren oportunidades para aplicaciones tan diversas como dispositivos para pruebas, señalización de tráfico especializada y acristalamiento comercial, cualquier lugar donde unos niveles altos y continuados de transparencia sean fundamentales pero donde la exposición a daños accidentales o deliberados sea probable. No sólo resiste las marcas y los rayones, el vandalismo, las pintadas y el ataque físico sino que también soporta múltiples productos químicos y un mayor nivel de desgaste por el uso. \r\n\r\n<strong>POLIDESIGN-SÓLIDO HARD</strong> , con un tratamiento superficial altamente resistente a la abrasión, es más adecuado para el uso en entornos más expuestos, por ejemplo, paradas de autobús, ventanas de tren o cualquier aplicación que requiera una alta durabilidad.', '<strong>POLIDESIGN-SÓLIDO HARD</strong> Es una lámina de policarbonato plana con tratamiento anti-rayas abren oportunidades para aplicaciones tan diversas como dispositivos para pruebas, señalización de tráfico especializada y acristalamiento comercial, cualquier lugar donde unos niveles altos y continuados de transparencia sean fundamentales pero donde la exposición a daños accidentales o deliberados sea probable. No sólo resiste las marcas y los rayones, el vandalismo, las pintadas y el ataque físico sino que también soporta múltiples productos químicos y un mayor nivel de desgaste por el uso. \r\n\r\n<strong>POLIDESIGN-SÓLIDO HARD</strong> , con un tratamiento superficial altamente resistente a la abrasión, es más adecuado para el uso en entornos más expuestos, por ejemplo, paradas de autobús, ventanas de tren o cualquier aplicación que requiera una alta durabilidad.', '', '', 'Resistencia a la abrasión avanzada en ambos lados,Resistencia 200 veces mayor que  el vidrio; es prácticamente irrompible,Ligero, menos que la mitad del peso del vidrio,Protección mejorada contra vandalismo y pintadas,Mayor resistencia a los productos químicos,Alta transmisión de la luz natural,Flexibilidad del diseño,Fácil de instalar y limpiar,\r\nResistente a las condiciones meteorológicas y los rayos UV,\r\nFácil de montar,Adecuado para curvado en frío,Resistente al fuego\r\nGarantía limitada de 10 años', 'Acristalamiento de seguridad, Acristalamiento antivandalismo, Protección antigraffiti,Viseras de protección,Escudos para la policía / seguridad, Ventanas de prisiones,\r\nParadas de autobús, Ventanas de tren\r\nBarandas,Cabinas de teléfono, Barreras de protección sonora, Aplicaciones industriales y arquitectónicas que requieren resistencia al impacto, Protección antigraffiti.\r\n', 'Se puede limpiar.', '', 2, '', '', ''),
(30, 'KAPPA', 'Lucarna de policarbonato alveolar', '<strong>Kappa</strong> es un sistema versátil para aplicaciones en lucarnas en cubiertas con poca pendiente, incluso de gran tamaño donde los sistemas  de policarbonato deben ser completamente impermeble. El sistema se compone de placas en policarbonato celular con una particular y robusta estructura en X para una mejor resistencia de carga y un mayor aislamiento térmico. La extrusión en “U” de la placa asegura un perfecto enganche en montantes de unión en acero plastificado con junta abierta para crear un extraordinario sistema autoportante.\r\n\r\nGracias a la avanzada tecnología de extrusión aplicada, Kappa  no tiene tensiones ni microfisuras. Posee un elevado valor de transmisión de la luz, una excelente protección control de los rayos UV, es resistente a los golpes, a la intemperie, a los cambios de temperatura y al granizo. También posee una clasificación al fuego según Euroclass B s1 d0, un buen aislamiento térmico y garantiza una fácil y económica instalación, entrando de manera competitiva en un sector altamente exigente y siempre en búsqueda de nuevas soluciones aplicadas.', '<strong>Kappa</strong> es un sistema versátil para aplicaciones en lucarnas en cubiertas con poca pendiente, incluso de gran tamaño donde los sistemas  de policarbonato deben ser completamente impermeble. El sistema se compone de placas en policarbonato celular con una particular y robusta estructura en X para una mejor resistencia de carga y un mayor aislamiento térmico. La extrusión en “U” de la placa asegura un perfecto enganche en montantes de unión en acero plastificado con junta abierta para crear un extraordinario sistema autoportante.\r\n\r\nGracias a la avanzada tecnología de extrusión aplicada, Kappa  no tiene tensiones ni microfisuras. Posee un elevado valor de transmisión de la luz, una excelente protección control de los rayos UV, es resistente a los golpes, a la intemperie, a los cambios de temperatura y al granizo. También posee una clasificación al fuego según Euroclass B s1 d0, un buen aislamiento térmico y garantiza una fácil y económica instalación, entrando de manera competitiva en un sector altamente exigente y siempre en búsqueda de nuevas soluciones aplicadas.', '', '', 'Resistencia 200 veces mayor que  el vidrio; es prácticamente irrompible,Ligero, Menos que la mitad del peso del vidrio, Fácil de instalar y limpiar,\r\nResistente a las condiciones meteorológicas y los rayos UV,Resistente al fuego\r\nGarantía limitada de 10 años', 'Lucarnas, Iluminación Natural', 'Se puede limpiar.', '', 2, '', '', ''),
(31, 'CoverbanPIU', 'Lucarna de policarbonato alveolar', 'CoverbanPIÙ la única claraboya (Lucarna) realizada en policarbonato celular, 4 cámaras, con espesor variable ( 20 mm. en las 2 extremidades y 30 mm. en el centro) y con pared externa reforzada. Un producto absolutamente innovador, que está encontrando un gran interés en el sector de los lucernarios en cubiertas industriales. Su forma especial, obtenida directamente por extrusión, no presenta microfisuraciones.  Las propiedades del policarbonato  extruido unidas al sistema de anclaje y cierre de testeros, confiere a la placa una extraordinaria robustez y una perfecta planimetría lineal de la superficie.\r\n\r\nCoverbanPIÙ posee óptimas características y prestaciones, es fuerte y muy aislante, con una resistencia de carga uniformemente distribuida en cubierta, no tiene tensiones, posee un elevado valor de trasmisión de luz, una óptima protección U.V. a los rayos solares, es resistente a los impactos,  a  la intemperie,  a   los   cambios  de temperatura  y  al granizo.  Es utoextinguible Euroclasse B s1 d0 –  de gran calidad y de fácil y económica instalación.', 'CoverbanPIÙ la única claraboya  realizada en policarbonato celular, 4 cámaras, con espesor variable ( 20 mm. en las 2 extremidades y 30 mm. en el centro) y con pared externa reforzada. Un producto absolutamente innovador, que está encontrando un gran interés en el sector de los lucernarios en cubiertas industriales. Su forma especial, obtenida directamente por extrusión, no presenta microfisuraciones.  Las propiedades del policarbonato  extruido unidas al sistema de anclaje y cierre de testeros, confiere a la placa una extraordinaria robustez y una perfecta planimetría lineal de la superficie.\r\n\r\nCoverbanPIÙ posee óptimas características y prestaciones, es fuerte y muy aislante, con una resistencia de carga uniformemente distribuida en cubierta, no tiene tensiones, posee un elevado valor de trasmisión de luz, una óptima protección U.V. a los rayos solares, es resistente a los impactos,  a  la intemperie,  a   los   cambios  de temperatura  y  al granizo.  Es utoextinguible Euroclasse B s1 d0 –  de gran calidad y de fácil y económica instalación.', '', '', 'Resistencia 200 veces mayor que  el vidrio; es prácticamente irrompible,Ligero, Menos que la mitad del peso del vidrio, Fácil de instalar y limpiar,\r\nResistente a las condiciones meteorológicas y los rayos UV,Resistente al fuego\r\nGarantía limitada de 10 años', 'Lucarnas, Iluminación Natural', 'Se puede limpiar.', '', 2, '', '', ''),
(32, 'GP', 'Sistema de láminas alveolares', '<strong>GP</strong> es un sistema versátil para aplicaciones en lucarnas planas en cubiertas compuesto por paneles de espesores 20, 30, 40mm de policarbonato alveolar.\r\nGracias a la avanzada tecnología de extrusión aplicada, el sistema <strong>GP</strong> no tiene tensiones ni microfisuras. Posee un elevado valor de transmisión de la luz, una excelente protección control de los rayos UV, es resistente a los golpes, a la intemperie, a los cambios de temperatura y al granizo. También posee una clasificación al fuego según Euroclass B s1 d0, un buen aislamiento térmico,  garantiza una fácil y económica instalación,  que permite la entrada de manera competitiva en un sector altamente exigente y siempre en búsqueda de nuevas soluciones aplicadas.\r\n', '<strong>GP</strong> es un sistema versátil para aplicaciones en lucarnas planas en cubiertas compuesto por paneles de espesores 20, 30, 40mm de policarbonato alveolar.\r\nGracias a la avanzada tecnología de extrusión aplicada, el sistema <strong>GP</strong> no tiene tensiones ni microfisuras. Posee un elevado valor de transmisión de la luz, una excelente protección control de los rayos UV, es resistente a los golpes, a la intemperie, a los cambios de temperatura y al granizo. También posee una clasificación al fuego según Euroclass B s1 d0, un buen aislamiento térmico,  garantiza una fácil y económica instalación,  que permite la entrada de manera competitiva en un sector altamente exigente y siempre en búsqueda de nuevas soluciones aplicadas.\r\n', '', '', 'Resistencia 200 veces mayor que  el vidrio; es prácticamente irrompible,Ligero, Menos que la mitad del peso del vidrio, Fácil de instalar y limpiar,\r\nResistente a las condiciones meteorológicas y los rayos UV,Resistente al fuego\r\nGarantía limitada de 10 años', 'Lucarnas, Iluminación Natural', 'Se puede limpiar.', '', 2, '', '', ''),
(33, 'Policarbonato 3DPanel', 'Sistema de láminas alveolares', 'Policarbonato con Diseño', '3DPANEL un panel de policarbonato con protección UV que permite la colocación de materiales en su interior haciendo muy versátil su utilización y permitiendo ambientar los espacios con diferentes texturas como plantas, hilos, madera y otros. Las dimensiones del panel son de 0,5x11,80m y en 40mm de espesor.', '', '', 'Ideal para superficies planas,Práctico\r\nFácil de montar y desmontar,Para uso en ambientes internos y externos,Variedad de diseños,Perfiles de terminación de aluminio,\r\nAlta resistencia al impacto', 'Divisiones interiores,Fachadas con diseño,\r\nBarras de bar', 'Sistema Ideal para climas fríos,  se puede lavar con solo agua, no use productos químicos que dañen la lámina', '', 2, '', '', '');
INSERT INTO `tproductos` (`id`, `nombre`, `desccorta`, `reesumen`, `texto`, `imagenprincipal`, `galeria`, `caracteristicas`, `aplicaciones`, `recomendaciones`, `relacionados`, `idfamilia`, `derechos`, `design`, `video`) VALUES
(34, 'Policarbonato EasyPIU', 'Sistema de láminas alveolares', 'Láminas de Policarbonato fácil de instalar', 'EasyPIU es un sistema de paneles de policarbonato con protección UV que permite una fácil instalación en Cubierta gracias a su tecnología que evita la utilización de perfiles. Es un sistema de fácil manipulación ya que las láminas son de ancho 0,25m y de largo 6,05m con un espesor de 16mm compuesto por 4 capas.\r\n', '', '', 'Ideal para superficies planas,Práctico\r\nFácil de montar y desmontar,Para uso en ambientes internos y externos,Variedad de diseños,Perfiles de terminación de aluminio,Alta resistencia al impacto', 'Terrazas,Cubiertas,Pasillos', 'Sistema Ideal para climas fríos,  se puede lavar con solo agua, no use productos químicos que dañen la lámina', '', 2, '', '', 'O5tRE36wX24'),
(35, 'PDeck', 'Deck de PVC', 'PDECK es un deck que ofrece alta estética para elegantes áreas al aire libre. Fabricado usando la avanzada tecnología del PVC celular, PDECK posee una resistencia sin igual a manchas, rayas y moho. Sus características especiales resultan en un mantenimiento fácil y aseguran que la apariencia natural se conserve por muchos años. PDECK también ofrece un diseño versátil en un solo Deck, presentando un patrón de fibras de madera de un lado y una apariencia refinada y suave en el otro.', 'PDECK es un deck que ofrece alta estética para elegantes áreas al aire libre. Fabricado usando la avanzada tecnología del PVC celular, PDECK posee una resistencia sin igual a manchas, rayas y moho. Sus características especiales resultan en un mantenimiento fácil y aseguran que la apariencia natural se conserve por muchos años. PDECK también ofrece un diseño versátil en un solo Deck, presentando un patrón de fibras de madera de un lado y una apariencia refinada y suave en el otro.', '', '', 'Alta calidad de vida al aire libre,\r\nEmbellece y resalta el entorno donde es instalado,\r\nInsuperables características físicas,\r\nCapa dura del recubrimiento de protección,\r\nNo se descompone ni se astilla,\r\nExtremamente fácil de manejar e instalar,\r\nRequiere mínimo mantenimiento,\r\nSe limpia fácilmente con agua y jabón,\r\nIdeal para instalar en áreas expuestas al agua de mar,\r\nBeneficios ambientales: No compuesto – sin madera no contiene metales pesados, Reciclable', 'Piso de terrazas, Patios, Zonas de mucha humedad', 'No pintar, Pendiente mínima 2%', '', 8, '', '', 'm_sauRO44Pc'),
(36, 'FDeck', 'Deck de Madera', 'FDECK es un deck modular de madera con base polipropileno de alta calidad, es un producto con más de 15 años en el mercado.  Que permite una fácil instalación, se coloca sobre pisos y soportas grandes cargas. ', 'FDECK es un deck modular de madera con base polipropileno de alta calidad, es un producto con más de 15 años en el mercado.  Que permite una fácil instalación, se coloca sobre pisos y soportas grandes cargas. ', '', '', 'Ideal para superficies planas,\r\nPráctico,\r\nFácil de montar y desmontar,\r\nNo retiene el agua,\r\nPara uso en ambientes internos y externos,\r\nVariedad de diseños,\r\nProducto patentado,\r\nBase de polipropileno de alto impacto', 'Piso de terrazas, Patios, Zonas de mucha humedad', 'No pintar, Pendiente mínima 2%', '', 8, '', '', 'Xx7c-Jwa3bo'),
(37, 'Polidesign PV6', 'Policarbonato Corrugado PV6 Industrial', 'POLIDESIGN PV6 es una lámina industrial corrugada de alto rendimiento. Las láminas son ligeras de peso pero robustas y resistentes a los impactos. La extensa gama de perfiles y grosores, así como las láminas en relieve más pesadas y las láminas de  múltiples paredes corrugadas proporcionan la solución acristalada ideal para una amplia gama de aplicaciones.\r\n\r\nPOLIDESIGN PV6 protege contra radiaciones UV dañinas ya que ofrece una capa protectora  coextruida. Como resultado puede utilizarse en las condiciones climatológicas más duras con protección mejorada contra los efectos de la intemperie y radiación UV, aumentando las expectativas de vida y la duración.', 'POLIDESIGN PV6 es una lámina industrial corrugada de alto rendimiento. Las láminas son ligeras de peso pero robustas y resistentes a los impactos. La extensa gama de perfiles y grosores, así como las láminas en relieve más pesadas y las láminas de  múltiples paredes corrugadas proporcionan la solución acristalada ideal para una amplia gama de aplicaciones.\r\n\r\nPOLIDESIGN PV6 protege contra radiaciones UV dañinas ya que ofrece una capa protectora  coextruida. Como resultado puede utilizarse en las condiciones climatológicas más duras con protección mejorada contra los efectos de la intemperie y radiación UV, aumentando las expectativas de vida y la duración.', '', '', 'Liviano, Fácil de instalar, Alta resistencia al impacto, Protección UV, 10 años de garantía', 'Cubiertas, Pergolas, estacionamiento,Industria, entrada de luz.', 'Se puede limpiar.', '', 2, '', '', ''),
(38, 'Polidesign PV4', 'Policarbonato Corrugado PV4 Industrial', 'POLIDESIGN PV4 es una lámina de industrial corrugadas de alto rendimiento. Las láminas son ligeras de peso pero robustas y resistentes a los impactos. La extensa gama de perfiles y grosores, así como las láminas en relieve más pesadas y las láminas de  múltiples paredes corrugadas proporcionan la solución acristalada ideal para una amplia gama de aplicaciones.\r\n\r\nPOLIDESIGN PV4 protege contra radiaciones UV dañinas ya que ofrece una capa protectora  coextruida. Como resultado puede utilizarse en las condiciones climatológicas más duras con protección mejorada contra los efectos de la intemperie y radiación UV, aumentando las expectativas de vida y la duración.', 'POLIDESIGN PV4 es una lámina de industrial corrugadas de alto rendimiento. Las láminas son ligeras de peso pero robustas y resistentes a los impactos. La extensa gama de perfiles y grosores, así como las láminas en relieve más pesadas y las láminas de  múltiples paredes corrugadas proporcionan la solución acristalada ideal para una amplia gama de aplicaciones.\r\n\r\nPOLIDESIGN PV4 protege contra radiaciones UV dañinas ya que ofrece una capa protectora  coextruida. Como resultado puede utilizarse en las condiciones climatológicas más duras con protección mejorada contra los efectos de la intemperie y radiación UV, aumentando las expectativas de vida y la duración.', '', '', 'Liviano, Fácil de instalar, Alta resistencia al impacto, Protección UV, 10 años de garantía', 'Cubiertas, Pergolas, estacionamiento,Industria, entrada de luz.', 'Se puede limpiar.', '', 2, '', '', ''),
(40, 'Policarbonato POLYPLUS', 'Sistema de láminas alveolares', 'Láminas de Policarbonato fácil de instalar', 'POLYPLUS es un sistema de paneles de policarbonato con protección UV que permite una fácil instalación en Cubierta gracias a su tecnología que evita la utilización de perfiles. Es un sistema de fácil manipulación ya que las láminas son de ancho 0,25m y de largo 5,80m con un espesor de 3mm compuesto por 1 capa.\r\n', '', '', 'Ideal para superficies planas,Práctico\r\nFácil de montar y desmontar,Para uso en ambientes internos y externos,Variedad de diseños,Perfiles de terminación de aluminio,Alta resistencia al impacto', 'Terrazas,Cubiertas,Pasillos', 'Sistema Ideal para climas fríos,  se puede lavar con solo agua, no use productos químicos que dañen la lámina', '', 2, '', '', ''),
(41, 'Revestimiento para hospitales', 'WALLGUARDDESIGN', 'WALLGUARD DESIGN  es un revestimiento interior para paredes de policarbonato coloreado en masa ideal para hospitales, es libre de halógenos.  Es una lámina inerte que no contiene materiales bactericidas y no emite ningún tipo de sustancia al medio ambiente, durante su fabricación tampoco se contamina el agua. \r\n\r\nLas láminas se producen bajo el concepto de reciclaje total, es una gran ventaja dentro del mercado ecológico. El concepto CTR cubre todos los tipos de láminas para garantizar un mayor ahorro económico. Los recortes sobrantes pueden ser utilizados en la producción de nuevas láminas garantizando que se cumplen todos los requisitos de calidad.', 'WALLGUARD DESIGN  es un revestimiento interior para paredes de policarbonato coloreado en masa ideal para hospitales, es libre de halógenos.  Es una lámina inerte que no contiene materiales bactericidas y no emite ningún tipo de sustancia al medio ambiente, durante su fabricación tampoco se contamina el agua. \r\n\r\nLas láminas se producen bajo el concepto de reciclaje total, es una gran ventaja dentro del mercado ecológico. El concepto CTR cubre todos los tipos de láminas para garantizar un mayor ahorro económico. Los recortes sobrantes pueden ser utilizados en la producción de nuevas láminas garantizando que se cumplen todos los requisitos de calidad.', '', '', 'Ideal para muros en hospitales,\r\nPráctico,\r\nFácil de montar y desmontar,\r\nNo retiene el agua,\r\nPara uso en ambientes internos,\r\nVariedad de colores,\r\nEl policarbonato no es poroso por lo que no permite el almacenamiento de la suciedad ni de las bacterias,\r\nEn caso de rayarse los arañazos son prácticamente imperceptibles,\r\nCumple con la normativa al fuego clasificándose como Bs1d0', 'Piso de terrazas, Patios, Zonas de mucha humedad', 'No pintar, Pendiente mínima 2%', '', 7, '', '', ''),
(42, 'Separadores de Moldaje', 'Separadores para obra gruesa', 'Los Separadores de Paramento Design están fabricados en HDPE (Polietileno de alta densidad), y son utilizados en obras de construcción para lograr un adecuado espaciamiento de los aceros y los elementos de moldaje. Existen  4 tipos de torres, de rueda, de Cono y tipo Muela.', 'Los Separadores de Paramento Design están fabricados en HDPE (Polietileno de alta densidad), y son utilizados en obras de construcción para lograr un adecuado espaciamiento de los aceros y los elementos de moldaje. Existen  4 tipos de torres, de rueda, de Cono y tipo Muela.', '', '', 'Fácil montaje,\r\nEvita los movimientos de las barras,\r\nSoportan el peso de las barras\r\n\r\n', 'Obra gruesa,\r\nFundaciones,\r\nElementos de Hormigón Armado', 'No pintar, guardar bajo techo', '', 9, '', '', ''),
(43, 'Lucarnas de policarbonato alveolar', 'LightDesign', 'El sistema LIGHTDESIGN es una lucarna de policarbonato alveolar de 10mm Opal es ideal para galpones donde necesites la entrada de luz solar.  Posee una transmisión de Luz de un 43%.\r\n\r\nEl sistema LIGHTDESIGN se puede auto-ensamblar, con perfil de remates de aluminio, anclajes de acero para fijar a las estructuras y conectores de policarbonato permiten realizar la instalación en menos tiempo que otros sistemas, logrando una reducción significativa en los costos de instalación y estructura.\r\n', 'El sistema LIGHTDESIGN es una lucarna de policarbonato alveolar de 10mm Opal es ideal para galpones donde necesites la entrada de luz solar.  Posee una transmisión de Luz de un 43%.\r\n\r\nEl sistema LIGHTDESIGN se puede auto-ensamblar, con perfil de remates de aluminio, anclajes de acero para fijar a las estructuras y conectores de policarbonato permiten realizar la instalación en menos tiempo que otros sistemas, logrando una reducción significativa en los costos de instalación y estructura.\r\n', '', '', 'Fácil montaje,\r\nAhorro energético,\r\nExcelente transmisión de luz,\r\nAlta resistencia al impacto\r\n\r\n\r\n\r\n', 'Lucarnas', 'No pintar, guardar bajo techo', '', 10, '', '', '');

-- --------------------------------------------------------

--
-- Estructura de tabla para la tabla `tusuarios`
--

CREATE TABLE IF NOT EXISTS `tusuarios` (
  `fid` int(11) NOT NULL AUTO_INCREMENT,
  `fnombre` text NOT NULL,
  `fpass` text NOT NULL,
  `fmail` text NOT NULL,
  `fpais` text NOT NULL,
  `festado` text NOT NULL,
  `ftipo` int(11) NOT NULL,
  PRIMARY KEY (`fid`)
) ENGINE=InnoDB  DEFAULT CHARSET=latin1 AUTO_INCREMENT=3 ;

--
-- Volcado de datos para la tabla `tusuarios`
--

INSERT INTO `tusuarios` (`fid`, `fnombre`, `fpass`, `fmail`, `fpais`, `festado`, `ftipo`) VALUES
(1, 'mfalcon@paramentodesign.com', 'eacc1ef78935305782cd07f5ac610fd4 ', 'mfalcon@paramentodesign.com', 'Chile', 'a', 0),
(2, 'ymeersohn@paramentodesign.com', '51287f17622b81d3e111a3dcceac3822', 'ymeersohn@paramentodesign.com', 'Chile', 'a', 0);

/*!40101 SET CHARACTER_SET_CLIENT=@OLD_CHARACTER_SET_CLIENT */;
/*!40101 SET CHARACTER_SET_RESULTS=@OLD_CHARACTER_SET_RESULTS */;
/*!40101 SET COLLATION_CONNECTION=@OLD_COLLATION_CONNECTION */;
